--------------------------------------------------------
--  File created - Friday-January-05-2018   
--------------------------------------------------------
--------------------------------------------------------
--  DDL for Table APPROVAL
--------------------------------------------------------

  CREATE TABLE "TRMS"."APPROVAL" 
   (	"REIMID" NUMBER, 
	"SUPERVISOR_APPROVAL" NUMBER, 
	"DEPARTMENTHEAD_APPROVAL" NUMBER, 
	"BENCO_APPROVAL" NUMBER
   ) SEGMENT CREATION IMMEDIATE 
  PCTFREE 10 PCTUSED 40 INITRANS 1 MAXTRANS 255 
 NOCOMPRESS LOGGING
  STORAGE(INITIAL 65536 NEXT 1048576 MINEXTENTS 1 MAXEXTENTS 2147483645
  PCTINCREASE 0 FREELISTS 1 FREELIST GROUPS 1
  BUFFER_POOL DEFAULT FLASH_CACHE DEFAULT CELL_FLASH_CACHE DEFAULT)
  TABLESPACE "USERS" ;
--------------------------------------------------------
--  DDL for Table DEPARTMENT
--------------------------------------------------------

  CREATE TABLE "TRMS"."DEPARTMENT" 
   (	"DEPARTMENTID" NUMBER, 
	"DEPARTMENTNAME" VARCHAR2(40 BYTE), 
	"DEPARTMENT_HEAD" NUMBER
   ) SEGMENT CREATION IMMEDIATE 
  PCTFREE 10 PCTUSED 40 INITRANS 1 MAXTRANS 255 
 NOCOMPRESS LOGGING
  STORAGE(INITIAL 65536 NEXT 1048576 MINEXTENTS 1 MAXEXTENTS 2147483645
  PCTINCREASE 0 FREELISTS 1 FREELIST GROUPS 1
  BUFFER_POOL DEFAULT FLASH_CACHE DEFAULT CELL_FLASH_CACHE DEFAULT)
  TABLESPACE "USERS" ;
--------------------------------------------------------
--  DDL for Table EMPLOYEE
--------------------------------------------------------

  CREATE TABLE "TRMS"."EMPLOYEE" 
   (	"EMPLOYEEID" NUMBER, 
	"FIRSTNAME" VARCHAR2(40 BYTE), 
	"LASTNAME" VARCHAR2(40 BYTE), 
	"EMPLOYEETYPEID" NUMBER, 
	"DEPARTMENTID" NUMBER, 
	"REPORTSTO" NUMBER
   ) SEGMENT CREATION IMMEDIATE 
  PCTFREE 10 PCTUSED 40 INITRANS 1 MAXTRANS 255 
 NOCOMPRESS LOGGING
  STORAGE(INITIAL 65536 NEXT 1048576 MINEXTENTS 1 MAXEXTENTS 2147483645
  PCTINCREASE 0 FREELISTS 1 FREELIST GROUPS 1
  BUFFER_POOL DEFAULT FLASH_CACHE DEFAULT CELL_FLASH_CACHE DEFAULT)
  TABLESPACE "USERS" ;
--------------------------------------------------------
--  DDL for Table EMPLOYEE_REIM_FUNDS
--------------------------------------------------------

  CREATE TABLE "TRMS"."EMPLOYEE_REIM_FUNDS" 
   (	"EMPLOYEEID" NUMBER, 
	"AMOUNTAVAILABLE" NUMBER(6,2), 
	"AMOUNTPENDING" NUMBER(6,2), 
	"AMOUNTAWARDED" NUMBER(6,2)
   ) SEGMENT CREATION IMMEDIATE 
  PCTFREE 10 PCTUSED 40 INITRANS 1 MAXTRANS 255 
 NOCOMPRESS LOGGING
  STORAGE(INITIAL 65536 NEXT 1048576 MINEXTENTS 1 MAXEXTENTS 2147483645
  PCTINCREASE 0 FREELISTS 1 FREELIST GROUPS 1
  BUFFER_POOL DEFAULT FLASH_CACHE DEFAULT CELL_FLASH_CACHE DEFAULT)
  TABLESPACE "USERS" ;
--------------------------------------------------------
--  DDL for Table EMPLOYEE_TYPE
--------------------------------------------------------

  CREATE TABLE "TRMS"."EMPLOYEE_TYPE" 
   (	"EMPLOYEETYPEID" NUMBER, 
	"EMPLOYEETYPE" VARCHAR2(40 BYTE)
   ) SEGMENT CREATION IMMEDIATE 
  PCTFREE 10 PCTUSED 40 INITRANS 1 MAXTRANS 255 
 NOCOMPRESS LOGGING
  STORAGE(INITIAL 65536 NEXT 1048576 MINEXTENTS 1 MAXEXTENTS 2147483645
  PCTINCREASE 0 FREELISTS 1 FREELIST GROUPS 1
  BUFFER_POOL DEFAULT FLASH_CACHE DEFAULT CELL_FLASH_CACHE DEFAULT)
  TABLESPACE "USERS" ;
--------------------------------------------------------
--  DDL for Table EVENT
--------------------------------------------------------

  CREATE TABLE "TRMS"."EVENT" 
   (	"EVENTID" NUMBER, 
	"EVENT_TYPE" VARCHAR2(40 BYTE), 
	"REIM_PERCENT" NUMBER
   ) SEGMENT CREATION IMMEDIATE 
  PCTFREE 10 PCTUSED 40 INITRANS 1 MAXTRANS 255 
 NOCOMPRESS LOGGING
  STORAGE(INITIAL 65536 NEXT 1048576 MINEXTENTS 1 MAXEXTENTS 2147483645
  PCTINCREASE 0 FREELISTS 1 FREELIST GROUPS 1
  BUFFER_POOL DEFAULT FLASH_CACHE DEFAULT CELL_FLASH_CACHE DEFAULT)
  TABLESPACE "USERS" ;
--------------------------------------------------------
--  DDL for Table GRADE
--------------------------------------------------------

  CREATE TABLE "TRMS"."GRADE" 
   (	"GRADEID" NUMBER, 
	"GRADE_TYPE" VARCHAR2(40 BYTE)
   ) SEGMENT CREATION IMMEDIATE 
  PCTFREE 10 PCTUSED 40 INITRANS 1 MAXTRANS 255 
 NOCOMPRESS LOGGING
  STORAGE(INITIAL 65536 NEXT 1048576 MINEXTENTS 1 MAXEXTENTS 2147483645
  PCTINCREASE 0 FREELISTS 1 FREELIST GROUPS 1
  BUFFER_POOL DEFAULT FLASH_CACHE DEFAULT CELL_FLASH_CACHE DEFAULT)
  TABLESPACE "USERS" ;
--------------------------------------------------------
--  DDL for Table GRADE_APPROVAL
--------------------------------------------------------

  CREATE TABLE "TRMS"."GRADE_APPROVAL" 
   (	"REIMID" NUMBER, 
	"SUPERVISOR_APPROVAL" NUMBER, 
	"BENCO_APPROVAL" NUMBER
   ) SEGMENT CREATION IMMEDIATE 
  PCTFREE 10 PCTUSED 40 INITRANS 1 MAXTRANS 255 
 NOCOMPRESS LOGGING
  STORAGE(INITIAL 65536 NEXT 1048576 MINEXTENTS 1 MAXEXTENTS 2147483645
  PCTINCREASE 0 FREELISTS 1 FREELIST GROUPS 1
  BUFFER_POOL DEFAULT FLASH_CACHE DEFAULT CELL_FLASH_CACHE DEFAULT)
  TABLESPACE "USERS" ;
--------------------------------------------------------
--  DDL for Table LOGIN
--------------------------------------------------------

  CREATE TABLE "TRMS"."LOGIN" 
   (	"EMPLOYEEID" NUMBER, 
	"USERNAME" VARCHAR2(40 BYTE), 
	"PWORD" VARCHAR2(40 BYTE)
   ) SEGMENT CREATION IMMEDIATE 
  PCTFREE 10 PCTUSED 40 INITRANS 1 MAXTRANS 255 
 NOCOMPRESS LOGGING
  STORAGE(INITIAL 65536 NEXT 1048576 MINEXTENTS 1 MAXEXTENTS 2147483645
  PCTINCREASE 0 FREELISTS 1 FREELIST GROUPS 1
  BUFFER_POOL DEFAULT FLASH_CACHE DEFAULT CELL_FLASH_CACHE DEFAULT)
  TABLESPACE "USERS" ;
--------------------------------------------------------
--  DDL for Table REIMBURSEMENT
--------------------------------------------------------

  CREATE TABLE "TRMS"."REIMBURSEMENT" 
   (	"REIMID" NUMBER, 
	"EMPLOYEEID" NUMBER, 
	"EVENTDATE" DATE, 
	"EVENTID" NUMBER, 
	"GRADEID" NUMBER, 
	"PASSINGGRADE" VARCHAR2(40 BYTE), 
	"EMPLOYEE_COST" NUMBER(6,2), 
	"REIM_AMOUNT" NUMBER(6,2), 
	"REIM_LOCATION" VARCHAR2(100 BYTE), 
	"REIM_DESCRIPTION" VARCHAR2(100 BYTE), 
	"WORK_HOURS_MISSED" NUMBER, 
	"STATUS" VARCHAR2(40 BYTE)
   ) SEGMENT CREATION IMMEDIATE 
  PCTFREE 10 PCTUSED 40 INITRANS 1 MAXTRANS 255 
 NOCOMPRESS LOGGING
  STORAGE(INITIAL 65536 NEXT 1048576 MINEXTENTS 1 MAXEXTENTS 2147483645
  PCTINCREASE 0 FREELISTS 1 FREELIST GROUPS 1
  BUFFER_POOL DEFAULT FLASH_CACHE DEFAULT CELL_FLASH_CACHE DEFAULT)
  TABLESPACE "USERS" ;
--------------------------------------------------------
--  DDL for Table REIM_DATES
--------------------------------------------------------

  CREATE TABLE "TRMS"."REIM_DATES" 
   (	"REIMID" NUMBER, 
	"DATE_CREATE" DATE, 
	"CREATED_TIME" TIMESTAMP (6), 
	"LAST_UPDATE_DATE" DATE
   ) SEGMENT CREATION IMMEDIATE 
  PCTFREE 10 PCTUSED 40 INITRANS 1 MAXTRANS 255 
 NOCOMPRESS LOGGING
  STORAGE(INITIAL 65536 NEXT 1048576 MINEXTENTS 1 MAXEXTENTS 2147483645
  PCTINCREASE 0 FREELISTS 1 FREELIST GROUPS 1
  BUFFER_POOL DEFAULT FLASH_CACHE DEFAULT CELL_FLASH_CACHE DEFAULT)
  TABLESPACE "USERS" ;
--------------------------------------------------------
--  DDL for Table REIM_FILE
--------------------------------------------------------

  CREATE TABLE "TRMS"."REIM_FILE" 
   (	"FILEID" NUMBER, 
	"REIMID" NUMBER, 
	"FILE_DESC" VARCHAR2(60 BYTE), 
	"FILE_PATH" VARCHAR2(1000 BYTE), 
	"LAST_UPDATE_DATE" DATE
   ) SEGMENT CREATION IMMEDIATE 
  PCTFREE 10 PCTUSED 40 INITRANS 1 MAXTRANS 255 
 NOCOMPRESS LOGGING
  STORAGE(INITIAL 65536 NEXT 1048576 MINEXTENTS 1 MAXEXTENTS 2147483645
  PCTINCREASE 0 FREELISTS 1 FREELIST GROUPS 1
  BUFFER_POOL DEFAULT FLASH_CACHE DEFAULT CELL_FLASH_CACHE DEFAULT)
  TABLESPACE "USERS" ;
--------------------------------------------------------
--  DDL for Table REIM_INFO_REQUEST
--------------------------------------------------------

  CREATE TABLE "TRMS"."REIM_INFO_REQUEST" 
   (	"REIMID" NUMBER, 
	"SUPERVISOR_NOTES" VARCHAR2(2000 BYTE), 
	"DEPARTMENTHEAD_NOTES" VARCHAR2(2000 BYTE), 
	"BENCO_NOTES" VARCHAR2(2000 BYTE), 
	"EMPLOYEE_NOTES" VARCHAR2(4000 BYTE)
   ) SEGMENT CREATION IMMEDIATE 
  PCTFREE 10 PCTUSED 40 INITRANS 1 MAXTRANS 255 
 NOCOMPRESS LOGGING
  STORAGE(INITIAL 65536 NEXT 1048576 MINEXTENTS 1 MAXEXTENTS 2147483645
  PCTINCREASE 0 FREELISTS 1 FREELIST GROUPS 1
  BUFFER_POOL DEFAULT FLASH_CACHE DEFAULT CELL_FLASH_CACHE DEFAULT)
  TABLESPACE "USERS" ;
--------------------------------------------------------
--  DDL for Table REIM_JUSTIFICATION
--------------------------------------------------------

  CREATE TABLE "TRMS"."REIM_JUSTIFICATION" 
   (	"REIMID" NUMBER, 
	"WORK_JUST" VARCHAR2(1000 BYTE), 
	"DENY_JUST" VARCHAR2(1000 BYTE), 
	"EXCEED_JUST" VARCHAR2(1000 BYTE)
   ) SEGMENT CREATION IMMEDIATE 
  PCTFREE 10 PCTUSED 40 INITRANS 1 MAXTRANS 255 
 NOCOMPRESS LOGGING
  STORAGE(INITIAL 65536 NEXT 1048576 MINEXTENTS 1 MAXEXTENTS 2147483645
  PCTINCREASE 0 FREELISTS 1 FREELIST GROUPS 1
  BUFFER_POOL DEFAULT FLASH_CACHE DEFAULT CELL_FLASH_CACHE DEFAULT)
  TABLESPACE "USERS" ;
--------------------------------------------------------
--  DDL for Sequence SQ_DEPT_PK
--------------------------------------------------------

   CREATE SEQUENCE  "TRMS"."SQ_DEPT_PK"  MINVALUE 1 MAXVALUE 9999999999999999999999999999 INCREMENT BY 1 START WITH 21 CACHE 20 NOORDER  NOCYCLE ;
--------------------------------------------------------
--  DDL for Sequence SQ_EMPLOYEE_PK
--------------------------------------------------------

   CREATE SEQUENCE  "TRMS"."SQ_EMPLOYEE_PK"  MINVALUE 1 MAXVALUE 9999999999999999999999999999 INCREMENT BY 1 START WITH 41 CACHE 20 NOORDER  NOCYCLE ;
--------------------------------------------------------
--  DDL for Sequence SQ_EMPTYPE_PK
--------------------------------------------------------

   CREATE SEQUENCE  "TRMS"."SQ_EMPTYPE_PK"  MINVALUE 1 MAXVALUE 9999999999999999999999999999 INCREMENT BY 1 START WITH 21 CACHE 20 NOORDER  NOCYCLE ;
--------------------------------------------------------
--  DDL for Sequence SQ_EVENT_PK
--------------------------------------------------------

   CREATE SEQUENCE  "TRMS"."SQ_EVENT_PK"  MINVALUE 1 MAXVALUE 9999999999999999999999999999 INCREMENT BY 1 START WITH 21 CACHE 20 NOORDER  NOCYCLE ;
--------------------------------------------------------
--  DDL for Sequence SQ_FILE_PK
--------------------------------------------------------

   CREATE SEQUENCE  "TRMS"."SQ_FILE_PK"  MINVALUE 1 MAXVALUE 9999999999999999999999999999 INCREMENT BY 1 START WITH 1 CACHE 20 NOORDER  NOCYCLE ;
--------------------------------------------------------
--  DDL for Sequence SQ_GRADE_PK
--------------------------------------------------------

   CREATE SEQUENCE  "TRMS"."SQ_GRADE_PK"  MINVALUE 1 MAXVALUE 9999999999999999999999999999 INCREMENT BY 1 START WITH 21 CACHE 20 NOORDER  NOCYCLE ;
--------------------------------------------------------
--  DDL for Sequence SQ_REIM_PK
--------------------------------------------------------

   CREATE SEQUENCE  "TRMS"."SQ_REIM_PK"  MINVALUE 1 MAXVALUE 9999999999999999999999999999 INCREMENT BY 1 START WITH 21 CACHE 20 NOORDER  NOCYCLE ;
REM INSERTING into TRMS.APPROVAL
SET DEFINE OFF;
REM INSERTING into TRMS.DEPARTMENT
SET DEFINE OFF;
Insert into TRMS.DEPARTMENT (DEPARTMENTID,DEPARTMENTNAME,DEPARTMENT_HEAD) values (1,'Production',4);
Insert into TRMS.DEPARTMENT (DEPARTMENTID,DEPARTMENTNAME,DEPARTMENT_HEAD) values (2,'Marketing',7);
Insert into TRMS.DEPARTMENT (DEPARTMENTID,DEPARTMENTNAME,DEPARTMENT_HEAD) values (3,'Finance',11);
Insert into TRMS.DEPARTMENT (DEPARTMENTID,DEPARTMENTNAME,DEPARTMENT_HEAD) values (4,'Human Resources',15);
REM INSERTING into TRMS.EMPLOYEE
SET DEFINE OFF;
Insert into TRMS.EMPLOYEE (EMPLOYEEID,FIRSTNAME,LASTNAME,EMPLOYEETYPEID,DEPARTMENTID,REPORTSTO) values (4,'Bill','Gates',4,1,null);
Insert into TRMS.EMPLOYEE (EMPLOYEEID,FIRSTNAME,LASTNAME,EMPLOYEETYPEID,DEPARTMENTID,REPORTSTO) values (3,'Frank','Gehry',3,1,4);
Insert into TRMS.EMPLOYEE (EMPLOYEEID,FIRSTNAME,LASTNAME,EMPLOYEETYPEID,DEPARTMENTID,REPORTSTO) values (1,'Alex','Swanson',1,1,3);
Insert into TRMS.EMPLOYEE (EMPLOYEEID,FIRSTNAME,LASTNAME,EMPLOYEETYPEID,DEPARTMENTID,REPORTSTO) values (2,'Edgar','Codd',2,1,3);
Insert into TRMS.EMPLOYEE (EMPLOYEEID,FIRSTNAME,LASTNAME,EMPLOYEETYPEID,DEPARTMENTID,REPORTSTO) values (7,'Steve','Jobs',7,2,null);
Insert into TRMS.EMPLOYEE (EMPLOYEEID,FIRSTNAME,LASTNAME,EMPLOYEETYPEID,DEPARTMENTID,REPORTSTO) values (5,'Henry','Ford',5,2,7);
Insert into TRMS.EMPLOYEE (EMPLOYEEID,FIRSTNAME,LASTNAME,EMPLOYEETYPEID,DEPARTMENTID,REPORTSTO) values (6,'PT','Barnum',6,2,7);
Insert into TRMS.EMPLOYEE (EMPLOYEEID,FIRSTNAME,LASTNAME,EMPLOYEETYPEID,DEPARTMENTID,REPORTSTO) values (11,'Joel','Swanson',11,3,null);
Insert into TRMS.EMPLOYEE (EMPLOYEEID,FIRSTNAME,LASTNAME,EMPLOYEETYPEID,DEPARTMENTID,REPORTSTO) values (10,'Henry','Knox',10,3,11);
Insert into TRMS.EMPLOYEE (EMPLOYEEID,FIRSTNAME,LASTNAME,EMPLOYEETYPEID,DEPARTMENTID,REPORTSTO) values (8,'Jesse','McCurdy',8,3,10);
Insert into TRMS.EMPLOYEE (EMPLOYEEID,FIRSTNAME,LASTNAME,EMPLOYEETYPEID,DEPARTMENTID,REPORTSTO) values (9,'Heidi','Weis',9,3,10);
Insert into TRMS.EMPLOYEE (EMPLOYEEID,FIRSTNAME,LASTNAME,EMPLOYEETYPEID,DEPARTMENTID,REPORTSTO) values (15,'Dalai','Llama',15,4,null);
Insert into TRMS.EMPLOYEE (EMPLOYEEID,FIRSTNAME,LASTNAME,EMPLOYEETYPEID,DEPARTMENTID,REPORTSTO) values (14,'Dave','Ulrich',14,4,15);
Insert into TRMS.EMPLOYEE (EMPLOYEEID,FIRSTNAME,LASTNAME,EMPLOYEETYPEID,DEPARTMENTID,REPORTSTO) values (12,'Yoren','Snow',12,4,14);
Insert into TRMS.EMPLOYEE (EMPLOYEEID,FIRSTNAME,LASTNAME,EMPLOYEETYPEID,DEPARTMENTID,REPORTSTO) values (13,'Ben','Coe',13,4,14);
REM INSERTING into TRMS.EMPLOYEE_REIM_FUNDS
SET DEFINE OFF;
Insert into TRMS.EMPLOYEE_REIM_FUNDS (EMPLOYEEID,AMOUNTAVAILABLE,AMOUNTPENDING,AMOUNTAWARDED) values (1,1000,0,0);
Insert into TRMS.EMPLOYEE_REIM_FUNDS (EMPLOYEEID,AMOUNTAVAILABLE,AMOUNTPENDING,AMOUNTAWARDED) values (2,1000,0,0);
Insert into TRMS.EMPLOYEE_REIM_FUNDS (EMPLOYEEID,AMOUNTAVAILABLE,AMOUNTPENDING,AMOUNTAWARDED) values (3,1000,0,0);
Insert into TRMS.EMPLOYEE_REIM_FUNDS (EMPLOYEEID,AMOUNTAVAILABLE,AMOUNTPENDING,AMOUNTAWARDED) values (4,1000,0,0);
Insert into TRMS.EMPLOYEE_REIM_FUNDS (EMPLOYEEID,AMOUNTAVAILABLE,AMOUNTPENDING,AMOUNTAWARDED) values (5,1000,0,0);
Insert into TRMS.EMPLOYEE_REIM_FUNDS (EMPLOYEEID,AMOUNTAVAILABLE,AMOUNTPENDING,AMOUNTAWARDED) values (6,1000,0,0);
Insert into TRMS.EMPLOYEE_REIM_FUNDS (EMPLOYEEID,AMOUNTAVAILABLE,AMOUNTPENDING,AMOUNTAWARDED) values (7,1000,0,0);
Insert into TRMS.EMPLOYEE_REIM_FUNDS (EMPLOYEEID,AMOUNTAVAILABLE,AMOUNTPENDING,AMOUNTAWARDED) values (8,1000,0,0);
Insert into TRMS.EMPLOYEE_REIM_FUNDS (EMPLOYEEID,AMOUNTAVAILABLE,AMOUNTPENDING,AMOUNTAWARDED) values (9,1000,0,0);
Insert into TRMS.EMPLOYEE_REIM_FUNDS (EMPLOYEEID,AMOUNTAVAILABLE,AMOUNTPENDING,AMOUNTAWARDED) values (10,1000,0,0);
Insert into TRMS.EMPLOYEE_REIM_FUNDS (EMPLOYEEID,AMOUNTAVAILABLE,AMOUNTPENDING,AMOUNTAWARDED) values (11,1000,0,0);
Insert into TRMS.EMPLOYEE_REIM_FUNDS (EMPLOYEEID,AMOUNTAVAILABLE,AMOUNTPENDING,AMOUNTAWARDED) values (12,1000,0,0);
Insert into TRMS.EMPLOYEE_REIM_FUNDS (EMPLOYEEID,AMOUNTAVAILABLE,AMOUNTPENDING,AMOUNTAWARDED) values (13,1000,0,0);
Insert into TRMS.EMPLOYEE_REIM_FUNDS (EMPLOYEEID,AMOUNTAVAILABLE,AMOUNTPENDING,AMOUNTAWARDED) values (14,1000,0,0);
Insert into TRMS.EMPLOYEE_REIM_FUNDS (EMPLOYEEID,AMOUNTAVAILABLE,AMOUNTPENDING,AMOUNTAWARDED) values (15,1000,0,0);
REM INSERTING into TRMS.EMPLOYEE_TYPE
SET DEFINE OFF;
Insert into TRMS.EMPLOYEE_TYPE (EMPLOYEETYPEID,EMPLOYEETYPE) values (1,'Developer');
Insert into TRMS.EMPLOYEE_TYPE (EMPLOYEETYPEID,EMPLOYEETYPE) values (2,'Database Administrator');
Insert into TRMS.EMPLOYEE_TYPE (EMPLOYEETYPEID,EMPLOYEETYPE) values (3,'System Architect');
Insert into TRMS.EMPLOYEE_TYPE (EMPLOYEETYPEID,EMPLOYEETYPE) values (4,'Chief Technology Officer');
Insert into TRMS.EMPLOYEE_TYPE (EMPLOYEETYPEID,EMPLOYEETYPE) values (5,'Marketing Analyst');
Insert into TRMS.EMPLOYEE_TYPE (EMPLOYEETYPEID,EMPLOYEETYPE) values (6,'Sales Associate');
Insert into TRMS.EMPLOYEE_TYPE (EMPLOYEETYPEID,EMPLOYEETYPE) values (7,'Account Manager');
Insert into TRMS.EMPLOYEE_TYPE (EMPLOYEETYPEID,EMPLOYEETYPE) values (8,'Accountant');
Insert into TRMS.EMPLOYEE_TYPE (EMPLOYEETYPEID,EMPLOYEETYPE) values (9,'Auditor');
Insert into TRMS.EMPLOYEE_TYPE (EMPLOYEETYPEID,EMPLOYEETYPE) values (10,'Finance Manager');
Insert into TRMS.EMPLOYEE_TYPE (EMPLOYEETYPEID,EMPLOYEETYPE) values (11,'Chief Financial Officer');
Insert into TRMS.EMPLOYEE_TYPE (EMPLOYEETYPEID,EMPLOYEETYPE) values (12,'Recruiter');
Insert into TRMS.EMPLOYEE_TYPE (EMPLOYEETYPEID,EMPLOYEETYPE) values (13,'Benefits Coordinator');
Insert into TRMS.EMPLOYEE_TYPE (EMPLOYEETYPEID,EMPLOYEETYPE) values (14,'HR Director');
Insert into TRMS.EMPLOYEE_TYPE (EMPLOYEETYPEID,EMPLOYEETYPE) values (15,'Chief Happiness Officer');
REM INSERTING into TRMS.EVENT
SET DEFINE OFF;
Insert into TRMS.EVENT (EVENTID,EVENT_TYPE,REIM_PERCENT) values (1,'University Course',80);
Insert into TRMS.EVENT (EVENTID,EVENT_TYPE,REIM_PERCENT) values (2,'Seminar',60);
Insert into TRMS.EVENT (EVENTID,EVENT_TYPE,REIM_PERCENT) values (3,'Certificate Preparation Class',75);
Insert into TRMS.EVENT (EVENTID,EVENT_TYPE,REIM_PERCENT) values (4,'Certificate',100);
Insert into TRMS.EVENT (EVENTID,EVENT_TYPE,REIM_PERCENT) values (5,'Technical Training',90);
Insert into TRMS.EVENT (EVENTID,EVENT_TYPE,REIM_PERCENT) values (6,'Other',30);
REM INSERTING into TRMS.GRADE
SET DEFINE OFF;
Insert into TRMS.GRADE (GRADEID,GRADE_TYPE) values (1,'A-->F');
Insert into TRMS.GRADE (GRADEID,GRADE_TYPE) values (2,'100-->0');
Insert into TRMS.GRADE (GRADEID,GRADE_TYPE) values (3,'Pass/Fail');
Insert into TRMS.GRADE (GRADEID,GRADE_TYPE) values (4,'Other');
REM INSERTING into TRMS.GRADE_APPROVAL
SET DEFINE OFF;
REM INSERTING into TRMS.LOGIN
SET DEFINE OFF;
Insert into TRMS.LOGIN (EMPLOYEEID,USERNAME,PWORD) values (1,'xela','swan');
Insert into TRMS.LOGIN (EMPLOYEEID,USERNAME,PWORD) values (2,'ragde','codd');
Insert into TRMS.LOGIN (EMPLOYEEID,USERNAME,PWORD) values (3,'knarf','gehr');
Insert into TRMS.LOGIN (EMPLOYEEID,USERNAME,PWORD) values (4,'llib','gate');
Insert into TRMS.LOGIN (EMPLOYEEID,USERNAME,PWORD) values (5,'yrneh','ford');
Insert into TRMS.LOGIN (EMPLOYEEID,USERNAME,PWORD) values (6,'tp','barn');
Insert into TRMS.LOGIN (EMPLOYEEID,USERNAME,PWORD) values (7,'evets','jobs');
Insert into TRMS.LOGIN (EMPLOYEEID,USERNAME,PWORD) values (8,'essej','mccu');
Insert into TRMS.LOGIN (EMPLOYEEID,USERNAME,PWORD) values (9,'idieh','weis');
Insert into TRMS.LOGIN (EMPLOYEEID,USERNAME,PWORD) values (10,'yrneh','knox');
Insert into TRMS.LOGIN (EMPLOYEEID,USERNAME,PWORD) values (11,'leoj','swan');
Insert into TRMS.LOGIN (EMPLOYEEID,USERNAME,PWORD) values (12,'neroy','snow');
Insert into TRMS.LOGIN (EMPLOYEEID,USERNAME,PWORD) values (13,'neb','coe');
Insert into TRMS.LOGIN (EMPLOYEEID,USERNAME,PWORD) values (14,'evad','ulri');
Insert into TRMS.LOGIN (EMPLOYEEID,USERNAME,PWORD) values (15,'ialad','llam');
REM INSERTING into TRMS.REIMBURSEMENT
SET DEFINE OFF;
Insert into TRMS.REIMBURSEMENT (REIMID,EMPLOYEEID,EVENTDATE,EVENTID,GRADEID,PASSINGGRADE,EMPLOYEE_COST,REIM_AMOUNT,REIM_LOCATION,REIM_DESCRIPTION,WORK_HOURS_MISSED,STATUS) values (2,1,to_date('09-FEB-18','DD-MON-RR'),4,2,'80',400,400,'1 Oracle Way','Java OCA 8 certification',0,'submitted');
REM INSERTING into TRMS.REIM_DATES
SET DEFINE OFF;
Insert into TRMS.REIM_DATES (REIMID,DATE_CREATE,CREATED_TIME,LAST_UPDATE_DATE) values (2,to_date('03-JAN-18','DD-MON-RR'),to_timestamp('03-JAN-18 03.37.47.789958000 PM','DD-MON-RR HH.MI.SSXFF AM'),to_date('03-JAN-18','DD-MON-RR'));
REM INSERTING into TRMS.REIM_FILE
SET DEFINE OFF;
REM INSERTING into TRMS.REIM_INFO_REQUEST
SET DEFINE OFF;
REM INSERTING into TRMS.REIM_JUSTIFICATION
SET DEFINE OFF;
--------------------------------------------------------
--  DDL for Index PK_DEPARTMENTID
--------------------------------------------------------

  CREATE UNIQUE INDEX "TRMS"."PK_DEPARTMENTID" ON "TRMS"."DEPARTMENT" ("DEPARTMENTID") 
  PCTFREE 10 INITRANS 2 MAXTRANS 255 COMPUTE STATISTICS 
  STORAGE(INITIAL 65536 NEXT 1048576 MINEXTENTS 1 MAXEXTENTS 2147483645
  PCTINCREASE 0 FREELISTS 1 FREELIST GROUPS 1
  BUFFER_POOL DEFAULT FLASH_CACHE DEFAULT CELL_FLASH_CACHE DEFAULT)
  TABLESPACE "USERS" ;
--------------------------------------------------------
--  DDL for Index PK_EMPLOYEEID
--------------------------------------------------------

  CREATE UNIQUE INDEX "TRMS"."PK_EMPLOYEEID" ON "TRMS"."EMPLOYEE" ("EMPLOYEEID") 
  PCTFREE 10 INITRANS 2 MAXTRANS 255 COMPUTE STATISTICS 
  STORAGE(INITIAL 65536 NEXT 1048576 MINEXTENTS 1 MAXEXTENTS 2147483645
  PCTINCREASE 0 FREELISTS 1 FREELIST GROUPS 1
  BUFFER_POOL DEFAULT FLASH_CACHE DEFAULT CELL_FLASH_CACHE DEFAULT)
  TABLESPACE "USERS" ;
--------------------------------------------------------
--  DDL for Index PK_EMPLOYEETYPEID
--------------------------------------------------------

  CREATE UNIQUE INDEX "TRMS"."PK_EMPLOYEETYPEID" ON "TRMS"."EMPLOYEE_TYPE" ("EMPLOYEETYPEID") 
  PCTFREE 10 INITRANS 2 MAXTRANS 255 COMPUTE STATISTICS 
  STORAGE(INITIAL 65536 NEXT 1048576 MINEXTENTS 1 MAXEXTENTS 2147483645
  PCTINCREASE 0 FREELISTS 1 FREELIST GROUPS 1
  BUFFER_POOL DEFAULT FLASH_CACHE DEFAULT CELL_FLASH_CACHE DEFAULT)
  TABLESPACE "USERS" ;
--------------------------------------------------------
--  DDL for Index PK_REIM
--------------------------------------------------------

  CREATE UNIQUE INDEX "TRMS"."PK_REIM" ON "TRMS"."REIMBURSEMENT" ("REIMID") 
  PCTFREE 10 INITRANS 2 MAXTRANS 255 COMPUTE STATISTICS 
  STORAGE(INITIAL 65536 NEXT 1048576 MINEXTENTS 1 MAXEXTENTS 2147483645
  PCTINCREASE 0 FREELISTS 1 FREELIST GROUPS 1
  BUFFER_POOL DEFAULT FLASH_CACHE DEFAULT CELL_FLASH_CACHE DEFAULT)
  TABLESPACE "USERS" ;
--------------------------------------------------------
--  DDL for Index PK_REIM_FILE
--------------------------------------------------------

  CREATE UNIQUE INDEX "TRMS"."PK_REIM_FILE" ON "TRMS"."REIM_FILE" ("FILEID") 
  PCTFREE 10 INITRANS 2 MAXTRANS 255 COMPUTE STATISTICS 
  STORAGE(INITIAL 65536 NEXT 1048576 MINEXTENTS 1 MAXEXTENTS 2147483645
  PCTINCREASE 0 FREELISTS 1 FREELIST GROUPS 1
  BUFFER_POOL DEFAULT FLASH_CACHE DEFAULT CELL_FLASH_CACHE DEFAULT)
  TABLESPACE "USERS" ;
--------------------------------------------------------
--  DDL for Index PK_GRADE_REIM
--------------------------------------------------------

  CREATE UNIQUE INDEX "TRMS"."PK_GRADE_REIM" ON "TRMS"."GRADE_APPROVAL" ("REIMID") 
  PCTFREE 10 INITRANS 2 MAXTRANS 255 COMPUTE STATISTICS 
  STORAGE(INITIAL 65536 NEXT 1048576 MINEXTENTS 1 MAXEXTENTS 2147483645
  PCTINCREASE 0 FREELISTS 1 FREELIST GROUPS 1
  BUFFER_POOL DEFAULT FLASH_CACHE DEFAULT CELL_FLASH_CACHE DEFAULT)
  TABLESPACE "USERS" ;
--------------------------------------------------------
--  DDL for Index PK_EMPLOYEE_REIM_FUNDS
--------------------------------------------------------

  CREATE UNIQUE INDEX "TRMS"."PK_EMPLOYEE_REIM_FUNDS" ON "TRMS"."EMPLOYEE_REIM_FUNDS" ("EMPLOYEEID") 
  PCTFREE 10 INITRANS 2 MAXTRANS 255 COMPUTE STATISTICS 
  STORAGE(INITIAL 65536 NEXT 1048576 MINEXTENTS 1 MAXEXTENTS 2147483645
  PCTINCREASE 0 FREELISTS 1 FREELIST GROUPS 1
  BUFFER_POOL DEFAULT FLASH_CACHE DEFAULT CELL_FLASH_CACHE DEFAULT)
  TABLESPACE "USERS" ;
--------------------------------------------------------
--  DDL for Index PK_LOGIN
--------------------------------------------------------

  CREATE UNIQUE INDEX "TRMS"."PK_LOGIN" ON "TRMS"."LOGIN" ("EMPLOYEEID") 
  PCTFREE 10 INITRANS 2 MAXTRANS 255 COMPUTE STATISTICS 
  STORAGE(INITIAL 65536 NEXT 1048576 MINEXTENTS 1 MAXEXTENTS 2147483645
  PCTINCREASE 0 FREELISTS 1 FREELIST GROUPS 1
  BUFFER_POOL DEFAULT FLASH_CACHE DEFAULT CELL_FLASH_CACHE DEFAULT)
  TABLESPACE "USERS" ;
--------------------------------------------------------
--  DDL for Index PK_EVENT
--------------------------------------------------------

  CREATE UNIQUE INDEX "TRMS"."PK_EVENT" ON "TRMS"."EVENT" ("EVENTID") 
  PCTFREE 10 INITRANS 2 MAXTRANS 255 COMPUTE STATISTICS 
  STORAGE(INITIAL 65536 NEXT 1048576 MINEXTENTS 1 MAXEXTENTS 2147483645
  PCTINCREASE 0 FREELISTS 1 FREELIST GROUPS 1
  BUFFER_POOL DEFAULT FLASH_CACHE DEFAULT CELL_FLASH_CACHE DEFAULT)
  TABLESPACE "USERS" ;
--------------------------------------------------------
--  DDL for Index PK_GRADE
--------------------------------------------------------

  CREATE UNIQUE INDEX "TRMS"."PK_GRADE" ON "TRMS"."GRADE" ("GRADEID") 
  PCTFREE 10 INITRANS 2 MAXTRANS 255 COMPUTE STATISTICS 
  STORAGE(INITIAL 65536 NEXT 1048576 MINEXTENTS 1 MAXEXTENTS 2147483645
  PCTINCREASE 0 FREELISTS 1 FREELIST GROUPS 1
  BUFFER_POOL DEFAULT FLASH_CACHE DEFAULT CELL_FLASH_CACHE DEFAULT)
  TABLESPACE "USERS" ;
--------------------------------------------------------
--  DDL for Index PK_REIM_INFO
--------------------------------------------------------

  CREATE UNIQUE INDEX "TRMS"."PK_REIM_INFO" ON "TRMS"."REIM_INFO_REQUEST" ("REIMID") 
  PCTFREE 10 INITRANS 2 MAXTRANS 255 COMPUTE STATISTICS 
  STORAGE(INITIAL 65536 NEXT 1048576 MINEXTENTS 1 MAXEXTENTS 2147483645
  PCTINCREASE 0 FREELISTS 1 FREELIST GROUPS 1
  BUFFER_POOL DEFAULT FLASH_CACHE DEFAULT CELL_FLASH_CACHE DEFAULT)
  TABLESPACE "USERS" ;
--------------------------------------------------------
--  DDL for Index PK_REIM_JUST
--------------------------------------------------------

  CREATE UNIQUE INDEX "TRMS"."PK_REIM_JUST" ON "TRMS"."REIM_JUSTIFICATION" ("REIMID") 
  PCTFREE 10 INITRANS 2 MAXTRANS 255 COMPUTE STATISTICS 
  STORAGE(INITIAL 65536 NEXT 1048576 MINEXTENTS 1 MAXEXTENTS 2147483645
  PCTINCREASE 0 FREELISTS 1 FREELIST GROUPS 1
  BUFFER_POOL DEFAULT FLASH_CACHE DEFAULT CELL_FLASH_CACHE DEFAULT)
  TABLESPACE "USERS" ;
--------------------------------------------------------
--  DDL for Index PK_REIM_DATE
--------------------------------------------------------

  CREATE UNIQUE INDEX "TRMS"."PK_REIM_DATE" ON "TRMS"."REIM_DATES" ("REIMID") 
  PCTFREE 10 INITRANS 2 MAXTRANS 255 COMPUTE STATISTICS 
  STORAGE(INITIAL 65536 NEXT 1048576 MINEXTENTS 1 MAXEXTENTS 2147483645
  PCTINCREASE 0 FREELISTS 1 FREELIST GROUPS 1
  BUFFER_POOL DEFAULT FLASH_CACHE DEFAULT CELL_FLASH_CACHE DEFAULT)
  TABLESPACE "USERS" ;
--------------------------------------------------------
--  DDL for Index PK_APPROVAL
--------------------------------------------------------

  CREATE UNIQUE INDEX "TRMS"."PK_APPROVAL" ON "TRMS"."APPROVAL" ("REIMID") 
  PCTFREE 10 INITRANS 2 MAXTRANS 255 COMPUTE STATISTICS 
  STORAGE(INITIAL 65536 NEXT 1048576 MINEXTENTS 1 MAXEXTENTS 2147483645
  PCTINCREASE 0 FREELISTS 1 FREELIST GROUPS 1
  BUFFER_POOL DEFAULT FLASH_CACHE DEFAULT CELL_FLASH_CACHE DEFAULT)
  TABLESPACE "USERS" ;
--------------------------------------------------------
--  DDL for Trigger INSERT_REIM_DATE
--------------------------------------------------------

  CREATE OR REPLACE TRIGGER "TRMS"."INSERT_REIM_DATE" BEFORE INSERT ON REIM_DATES
FOR EACH ROW
BEGIN
    :NEW.Date_Create := SYSDATE;
    :NEW.Created_Time := SYSTIMESTAMP;
    :NEW.Last_Update_Date := SYSDATE;
END;

/
ALTER TRIGGER "TRMS"."INSERT_REIM_DATE" ENABLE;
--------------------------------------------------------
--  DDL for Trigger TR_INSERT_DEPT
--------------------------------------------------------

  CREATE OR REPLACE TRIGGER "TRMS"."TR_INSERT_DEPT" 
BEFORE INSERT ON DEPARTMENT
FOR EACH ROW
BEGIN
    SELECT SQ_DEPT_PK.NEXTVAL
    INTO :NEW.DepartmentID FROM DUAL;
END;

/
ALTER TRIGGER "TRMS"."TR_INSERT_DEPT" ENABLE;
--------------------------------------------------------
--  DDL for Trigger TR_INSERT_EMPLOYEE
--------------------------------------------------------

  CREATE OR REPLACE TRIGGER "TRMS"."TR_INSERT_EMPLOYEE" 
BEFORE INSERT ON EMPLOYEE
FOR EACH ROW
BEGIN
    SELECT SQ_EMPLOYEE_PK.NEXTVAL
    INTO :NEW.EmployeeID FROM DUAL;
END;

/
ALTER TRIGGER "TRMS"."TR_INSERT_EMPLOYEE" ENABLE;
--------------------------------------------------------
--  DDL for Trigger TR_INSERT_EMP_TYPE
--------------------------------------------------------

  CREATE OR REPLACE TRIGGER "TRMS"."TR_INSERT_EMP_TYPE" 
BEFORE INSERT ON EMPLOYEE_TYPE
FOR EACH ROW
BEGIN
    SELECT SQ_EMPTYPE_PK.NEXTVAL
    INTO :NEW.EmployeeTypeID FROM DUAL;
END;

/
ALTER TRIGGER "TRMS"."TR_INSERT_EMP_TYPE" ENABLE;
--------------------------------------------------------
--  DDL for Trigger TR_INSERT_EVENT
--------------------------------------------------------

  CREATE OR REPLACE TRIGGER "TRMS"."TR_INSERT_EVENT" 
BEFORE INSERT ON EVENT
FOR EACH ROW
BEGIN
    SELECT SQ_EVENT_PK.NEXTVAL
    INTO :NEW.EventID FROM DUAL;
END;

/
ALTER TRIGGER "TRMS"."TR_INSERT_EVENT" ENABLE;
--------------------------------------------------------
--  DDL for Trigger TR_INSERT_FILE
--------------------------------------------------------

  CREATE OR REPLACE TRIGGER "TRMS"."TR_INSERT_FILE" 
BEFORE INSERT ON REIM_FILE
FOR EACH ROW
BEGIN
    SELECT SQ_FILE_PK.NEXTVAL
    INTO :NEW.FileID FROM DUAL;
END;

/
ALTER TRIGGER "TRMS"."TR_INSERT_FILE" ENABLE;
--------------------------------------------------------
--  DDL for Trigger TR_INSERT_GRADE
--------------------------------------------------------

  CREATE OR REPLACE TRIGGER "TRMS"."TR_INSERT_GRADE" 
BEFORE INSERT ON GRADE
FOR EACH ROW
BEGIN
    SELECT SQ_GRADE_PK.NEXTVAL
    INTO :NEW.GradeID FROM DUAL;
END;

/
ALTER TRIGGER "TRMS"."TR_INSERT_GRADE" ENABLE;
--------------------------------------------------------
--  DDL for Trigger TR_INSERT_REIM
--------------------------------------------------------

  CREATE OR REPLACE TRIGGER "TRMS"."TR_INSERT_REIM" 
BEFORE INSERT ON REIMBURSEMENT
FOR EACH ROW
BEGIN
    SELECT SQ_REIM_PK.NEXTVAL
    INTO :NEW.ReimID FROM DUAL;
END;

/
ALTER TRIGGER "TRMS"."TR_INSERT_REIM" ENABLE;
--------------------------------------------------------
--  Constraints for Table DEPARTMENT
--------------------------------------------------------

  ALTER TABLE "TRMS"."DEPARTMENT" ADD CONSTRAINT "PK_DEPARTMENTID" PRIMARY KEY ("DEPARTMENTID")
  USING INDEX PCTFREE 10 INITRANS 2 MAXTRANS 255 COMPUTE STATISTICS 
  STORAGE(INITIAL 65536 NEXT 1048576 MINEXTENTS 1 MAXEXTENTS 2147483645
  PCTINCREASE 0 FREELISTS 1 FREELIST GROUPS 1
  BUFFER_POOL DEFAULT FLASH_CACHE DEFAULT CELL_FLASH_CACHE DEFAULT)
  TABLESPACE "USERS"  ENABLE;
  ALTER TABLE "TRMS"."DEPARTMENT" MODIFY ("DEPARTMENTNAME" NOT NULL ENABLE);
  ALTER TABLE "TRMS"."DEPARTMENT" MODIFY ("DEPARTMENTID" NOT NULL ENABLE);
--------------------------------------------------------
--  Constraints for Table REIM_DATES
--------------------------------------------------------

  ALTER TABLE "TRMS"."REIM_DATES" ADD CONSTRAINT "PK_REIM_DATE" PRIMARY KEY ("REIMID")
  USING INDEX PCTFREE 10 INITRANS 2 MAXTRANS 255 COMPUTE STATISTICS 
  STORAGE(INITIAL 65536 NEXT 1048576 MINEXTENTS 1 MAXEXTENTS 2147483645
  PCTINCREASE 0 FREELISTS 1 FREELIST GROUPS 1
  BUFFER_POOL DEFAULT FLASH_CACHE DEFAULT CELL_FLASH_CACHE DEFAULT)
  TABLESPACE "USERS"  ENABLE;
  ALTER TABLE "TRMS"."REIM_DATES" MODIFY ("REIMID" NOT NULL ENABLE);
--------------------------------------------------------
--  Constraints for Table GRADE
--------------------------------------------------------

  ALTER TABLE "TRMS"."GRADE" ADD CONSTRAINT "PK_GRADE" PRIMARY KEY ("GRADEID")
  USING INDEX PCTFREE 10 INITRANS 2 MAXTRANS 255 COMPUTE STATISTICS 
  STORAGE(INITIAL 65536 NEXT 1048576 MINEXTENTS 1 MAXEXTENTS 2147483645
  PCTINCREASE 0 FREELISTS 1 FREELIST GROUPS 1
  BUFFER_POOL DEFAULT FLASH_CACHE DEFAULT CELL_FLASH_CACHE DEFAULT)
  TABLESPACE "USERS"  ENABLE;
  ALTER TABLE "TRMS"."GRADE" MODIFY ("GRADEID" NOT NULL ENABLE);
--------------------------------------------------------
--  Constraints for Table EVENT
--------------------------------------------------------

  ALTER TABLE "TRMS"."EVENT" ADD CONSTRAINT "PK_EVENT" PRIMARY KEY ("EVENTID")
  USING INDEX PCTFREE 10 INITRANS 2 MAXTRANS 255 COMPUTE STATISTICS 
  STORAGE(INITIAL 65536 NEXT 1048576 MINEXTENTS 1 MAXEXTENTS 2147483645
  PCTINCREASE 0 FREELISTS 1 FREELIST GROUPS 1
  BUFFER_POOL DEFAULT FLASH_CACHE DEFAULT CELL_FLASH_CACHE DEFAULT)
  TABLESPACE "USERS"  ENABLE;
  ALTER TABLE "TRMS"."EVENT" MODIFY ("EVENTID" NOT NULL ENABLE);
--------------------------------------------------------
--  Constraints for Table REIM_FILE
--------------------------------------------------------

  ALTER TABLE "TRMS"."REIM_FILE" ADD CONSTRAINT "PK_REIM_FILE" PRIMARY KEY ("FILEID")
  USING INDEX PCTFREE 10 INITRANS 2 MAXTRANS 255 COMPUTE STATISTICS 
  STORAGE(INITIAL 65536 NEXT 1048576 MINEXTENTS 1 MAXEXTENTS 2147483645
  PCTINCREASE 0 FREELISTS 1 FREELIST GROUPS 1
  BUFFER_POOL DEFAULT FLASH_CACHE DEFAULT CELL_FLASH_CACHE DEFAULT)
  TABLESPACE "USERS"  ENABLE;
  ALTER TABLE "TRMS"."REIM_FILE" MODIFY ("REIMID" NOT NULL ENABLE);
  ALTER TABLE "TRMS"."REIM_FILE" MODIFY ("FILEID" NOT NULL ENABLE);
--------------------------------------------------------
--  Constraints for Table EMPLOYEE
--------------------------------------------------------

  ALTER TABLE "TRMS"."EMPLOYEE" ADD CONSTRAINT "PK_EMPLOYEEID" PRIMARY KEY ("EMPLOYEEID")
  USING INDEX PCTFREE 10 INITRANS 2 MAXTRANS 255 COMPUTE STATISTICS 
  STORAGE(INITIAL 65536 NEXT 1048576 MINEXTENTS 1 MAXEXTENTS 2147483645
  PCTINCREASE 0 FREELISTS 1 FREELIST GROUPS 1
  BUFFER_POOL DEFAULT FLASH_CACHE DEFAULT CELL_FLASH_CACHE DEFAULT)
  TABLESPACE "USERS"  ENABLE;
  ALTER TABLE "TRMS"."EMPLOYEE" MODIFY ("DEPARTMENTID" NOT NULL ENABLE);
  ALTER TABLE "TRMS"."EMPLOYEE" MODIFY ("EMPLOYEETYPEID" NOT NULL ENABLE);
  ALTER TABLE "TRMS"."EMPLOYEE" MODIFY ("LASTNAME" NOT NULL ENABLE);
  ALTER TABLE "TRMS"."EMPLOYEE" MODIFY ("FIRSTNAME" NOT NULL ENABLE);
  ALTER TABLE "TRMS"."EMPLOYEE" MODIFY ("EMPLOYEEID" NOT NULL ENABLE);
--------------------------------------------------------
--  Constraints for Table REIM_INFO_REQUEST
--------------------------------------------------------

  ALTER TABLE "TRMS"."REIM_INFO_REQUEST" ADD CONSTRAINT "PK_REIM_INFO" PRIMARY KEY ("REIMID")
  USING INDEX PCTFREE 10 INITRANS 2 MAXTRANS 255 COMPUTE STATISTICS 
  STORAGE(INITIAL 65536 NEXT 1048576 MINEXTENTS 1 MAXEXTENTS 2147483645
  PCTINCREASE 0 FREELISTS 1 FREELIST GROUPS 1
  BUFFER_POOL DEFAULT FLASH_CACHE DEFAULT CELL_FLASH_CACHE DEFAULT)
  TABLESPACE "USERS"  ENABLE;
  ALTER TABLE "TRMS"."REIM_INFO_REQUEST" MODIFY ("REIMID" NOT NULL ENABLE);
--------------------------------------------------------
--  Constraints for Table LOGIN
--------------------------------------------------------

  ALTER TABLE "TRMS"."LOGIN" ADD CONSTRAINT "PK_LOGIN" PRIMARY KEY ("EMPLOYEEID")
  USING INDEX PCTFREE 10 INITRANS 2 MAXTRANS 255 COMPUTE STATISTICS 
  STORAGE(INITIAL 65536 NEXT 1048576 MINEXTENTS 1 MAXEXTENTS 2147483645
  PCTINCREASE 0 FREELISTS 1 FREELIST GROUPS 1
  BUFFER_POOL DEFAULT FLASH_CACHE DEFAULT CELL_FLASH_CACHE DEFAULT)
  TABLESPACE "USERS"  ENABLE;
  ALTER TABLE "TRMS"."LOGIN" MODIFY ("PWORD" NOT NULL ENABLE);
  ALTER TABLE "TRMS"."LOGIN" MODIFY ("USERNAME" NOT NULL ENABLE);
  ALTER TABLE "TRMS"."LOGIN" MODIFY ("EMPLOYEEID" NOT NULL ENABLE);
--------------------------------------------------------
--  Constraints for Table GRADE_APPROVAL
--------------------------------------------------------

  ALTER TABLE "TRMS"."GRADE_APPROVAL" ADD CONSTRAINT "PK_GRADE_REIM" PRIMARY KEY ("REIMID")
  USING INDEX PCTFREE 10 INITRANS 2 MAXTRANS 255 COMPUTE STATISTICS 
  STORAGE(INITIAL 65536 NEXT 1048576 MINEXTENTS 1 MAXEXTENTS 2147483645
  PCTINCREASE 0 FREELISTS 1 FREELIST GROUPS 1
  BUFFER_POOL DEFAULT FLASH_CACHE DEFAULT CELL_FLASH_CACHE DEFAULT)
  TABLESPACE "USERS"  ENABLE;
  ALTER TABLE "TRMS"."GRADE_APPROVAL" MODIFY ("REIMID" NOT NULL ENABLE);
--------------------------------------------------------
--  Constraints for Table EMPLOYEE_REIM_FUNDS
--------------------------------------------------------

  ALTER TABLE "TRMS"."EMPLOYEE_REIM_FUNDS" ADD CONSTRAINT "PK_EMPLOYEE_REIM_FUNDS" PRIMARY KEY ("EMPLOYEEID")
  USING INDEX PCTFREE 10 INITRANS 2 MAXTRANS 255 COMPUTE STATISTICS 
  STORAGE(INITIAL 65536 NEXT 1048576 MINEXTENTS 1 MAXEXTENTS 2147483645
  PCTINCREASE 0 FREELISTS 1 FREELIST GROUPS 1
  BUFFER_POOL DEFAULT FLASH_CACHE DEFAULT CELL_FLASH_CACHE DEFAULT)
  TABLESPACE "USERS"  ENABLE;
  ALTER TABLE "TRMS"."EMPLOYEE_REIM_FUNDS" MODIFY ("EMPLOYEEID" NOT NULL ENABLE);
--------------------------------------------------------
--  Constraints for Table REIM_JUSTIFICATION
--------------------------------------------------------

  ALTER TABLE "TRMS"."REIM_JUSTIFICATION" ADD CONSTRAINT "PK_REIM_JUST" PRIMARY KEY ("REIMID")
  USING INDEX PCTFREE 10 INITRANS 2 MAXTRANS 255 COMPUTE STATISTICS 
  STORAGE(INITIAL 65536 NEXT 1048576 MINEXTENTS 1 MAXEXTENTS 2147483645
  PCTINCREASE 0 FREELISTS 1 FREELIST GROUPS 1
  BUFFER_POOL DEFAULT FLASH_CACHE DEFAULT CELL_FLASH_CACHE DEFAULT)
  TABLESPACE "USERS"  ENABLE;
  ALTER TABLE "TRMS"."REIM_JUSTIFICATION" MODIFY ("REIMID" NOT NULL ENABLE);
--------------------------------------------------------
--  Constraints for Table APPROVAL
--------------------------------------------------------

  ALTER TABLE "TRMS"."APPROVAL" ADD CONSTRAINT "PK_APPROVAL" PRIMARY KEY ("REIMID")
  USING INDEX PCTFREE 10 INITRANS 2 MAXTRANS 255 COMPUTE STATISTICS 
  STORAGE(INITIAL 65536 NEXT 1048576 MINEXTENTS 1 MAXEXTENTS 2147483645
  PCTINCREASE 0 FREELISTS 1 FREELIST GROUPS 1
  BUFFER_POOL DEFAULT FLASH_CACHE DEFAULT CELL_FLASH_CACHE DEFAULT)
  TABLESPACE "USERS"  ENABLE;
  ALTER TABLE "TRMS"."APPROVAL" MODIFY ("REIMID" NOT NULL ENABLE);
--------------------------------------------------------
--  Constraints for Table REIMBURSEMENT
--------------------------------------------------------

  ALTER TABLE "TRMS"."REIMBURSEMENT" ADD CONSTRAINT "PK_REIM" PRIMARY KEY ("REIMID")
  USING INDEX PCTFREE 10 INITRANS 2 MAXTRANS 255 COMPUTE STATISTICS 
  STORAGE(INITIAL 65536 NEXT 1048576 MINEXTENTS 1 MAXEXTENTS 2147483645
  PCTINCREASE 0 FREELISTS 1 FREELIST GROUPS 1
  BUFFER_POOL DEFAULT FLASH_CACHE DEFAULT CELL_FLASH_CACHE DEFAULT)
  TABLESPACE "USERS"  ENABLE;
  ALTER TABLE "TRMS"."REIMBURSEMENT" MODIFY ("EMPLOYEEID" NOT NULL ENABLE);
  ALTER TABLE "TRMS"."REIMBURSEMENT" MODIFY ("REIMID" NOT NULL ENABLE);
--------------------------------------------------------
--  Constraints for Table EMPLOYEE_TYPE
--------------------------------------------------------

  ALTER TABLE "TRMS"."EMPLOYEE_TYPE" ADD CONSTRAINT "PK_EMPLOYEETYPEID" PRIMARY KEY ("EMPLOYEETYPEID")
  USING INDEX PCTFREE 10 INITRANS 2 MAXTRANS 255 COMPUTE STATISTICS 
  STORAGE(INITIAL 65536 NEXT 1048576 MINEXTENTS 1 MAXEXTENTS 2147483645
  PCTINCREASE 0 FREELISTS 1 FREELIST GROUPS 1
  BUFFER_POOL DEFAULT FLASH_CACHE DEFAULT CELL_FLASH_CACHE DEFAULT)
  TABLESPACE "USERS"  ENABLE;
  ALTER TABLE "TRMS"."EMPLOYEE_TYPE" MODIFY ("EMPLOYEETYPE" NOT NULL ENABLE);
  ALTER TABLE "TRMS"."EMPLOYEE_TYPE" MODIFY ("EMPLOYEETYPEID" NOT NULL ENABLE);
--------------------------------------------------------
--  Ref Constraints for Table APPROVAL
--------------------------------------------------------

  ALTER TABLE "TRMS"."APPROVAL" ADD CONSTRAINT "FK_APPROVAL_REIM" FOREIGN KEY ("REIMID")
	  REFERENCES "TRMS"."REIMBURSEMENT" ("REIMID") ENABLE;
--------------------------------------------------------
--  Ref Constraints for Table DEPARTMENT
--------------------------------------------------------

  ALTER TABLE "TRMS"."DEPARTMENT" ADD CONSTRAINT "FK_EMP_DEPT_HEAD" FOREIGN KEY ("DEPARTMENT_HEAD")
	  REFERENCES "TRMS"."EMPLOYEE" ("EMPLOYEEID") ENABLE;
--------------------------------------------------------
--  Ref Constraints for Table EMPLOYEE
--------------------------------------------------------

  ALTER TABLE "TRMS"."EMPLOYEE" ADD CONSTRAINT "FK_DEPARTMENTID" FOREIGN KEY ("DEPARTMENTID")
	  REFERENCES "TRMS"."DEPARTMENT" ("DEPARTMENTID") ENABLE;
  ALTER TABLE "TRMS"."EMPLOYEE" ADD CONSTRAINT "FK_EMPLOYEETYPEID" FOREIGN KEY ("EMPLOYEETYPEID")
	  REFERENCES "TRMS"."EMPLOYEE_TYPE" ("EMPLOYEETYPEID") ENABLE;
  ALTER TABLE "TRMS"."EMPLOYEE" ADD CONSTRAINT "FK_EMPLOYEE_LOGIN" FOREIGN KEY ("EMPLOYEEID")
	  REFERENCES "TRMS"."LOGIN" ("EMPLOYEEID") ENABLE;
  ALTER TABLE "TRMS"."EMPLOYEE" ADD CONSTRAINT "FK_EMPLOYEE_REIM_FUNDS" FOREIGN KEY ("EMPLOYEEID")
	  REFERENCES "TRMS"."EMPLOYEE_REIM_FUNDS" ("EMPLOYEEID") ENABLE;
  ALTER TABLE "TRMS"."EMPLOYEE" ADD CONSTRAINT "FK_REPORTSTO" FOREIGN KEY ("REPORTSTO")
	  REFERENCES "TRMS"."EMPLOYEE" ("EMPLOYEEID") ENABLE;
--------------------------------------------------------
--  Ref Constraints for Table GRADE_APPROVAL
--------------------------------------------------------

  ALTER TABLE "TRMS"."GRADE_APPROVAL" ADD CONSTRAINT "FK_GRADE_REIM" FOREIGN KEY ("REIMID")
	  REFERENCES "TRMS"."REIMBURSEMENT" ("REIMID") ENABLE;
--------------------------------------------------------
--  Ref Constraints for Table LOGIN
--------------------------------------------------------

  ALTER TABLE "TRMS"."LOGIN" ADD CONSTRAINT "FK_LOGIN" FOREIGN KEY ("EMPLOYEEID")
	  REFERENCES "TRMS"."EMPLOYEE" ("EMPLOYEEID") ENABLE;
--------------------------------------------------------
--  Ref Constraints for Table REIMBURSEMENT
--------------------------------------------------------

  ALTER TABLE "TRMS"."REIMBURSEMENT" ADD CONSTRAINT "FK_DATE_REIM" FOREIGN KEY ("REIMID")
	  REFERENCES "TRMS"."REIM_DATES" ("REIMID") DISABLE;
  ALTER TABLE "TRMS"."REIMBURSEMENT" ADD CONSTRAINT "FK_INFO_REIM" FOREIGN KEY ("REIMID")
	  REFERENCES "TRMS"."REIM_INFO_REQUEST" ("REIMID") DISABLE;
  ALTER TABLE "TRMS"."REIMBURSEMENT" ADD CONSTRAINT "FK_JUST_REIM" FOREIGN KEY ("REIMID")
	  REFERENCES "TRMS"."REIM_JUSTIFICATION" ("REIMID") DISABLE;
  ALTER TABLE "TRMS"."REIMBURSEMENT" ADD CONSTRAINT "FK_REIM_APPROVAL" FOREIGN KEY ("REIMID")
	  REFERENCES "TRMS"."APPROVAL" ("REIMID") DISABLE;
  ALTER TABLE "TRMS"."REIMBURSEMENT" ADD CONSTRAINT "FK_REIM_EMPLOYEE" FOREIGN KEY ("EMPLOYEEID")
	  REFERENCES "TRMS"."EMPLOYEE" ("EMPLOYEEID") ENABLE;
  ALTER TABLE "TRMS"."REIMBURSEMENT" ADD CONSTRAINT "FK_REIM_GRADE" FOREIGN KEY ("REIMID")
	  REFERENCES "TRMS"."GRADE_APPROVAL" ("REIMID") DISABLE;
--------------------------------------------------------
--  Ref Constraints for Table REIM_DATES
--------------------------------------------------------

  ALTER TABLE "TRMS"."REIM_DATES" ADD CONSTRAINT "FK_REIM_DATE" FOREIGN KEY ("REIMID")
	  REFERENCES "TRMS"."REIMBURSEMENT" ("REIMID") ENABLE;
--------------------------------------------------------
--  Ref Constraints for Table REIM_FILE
--------------------------------------------------------

  ALTER TABLE "TRMS"."REIM_FILE" ADD CONSTRAINT "FK_REIM_FILE" FOREIGN KEY ("REIMID")
	  REFERENCES "TRMS"."REIMBURSEMENT" ("REIMID") ENABLE;
--------------------------------------------------------
--  Ref Constraints for Table REIM_INFO_REQUEST
--------------------------------------------------------

  ALTER TABLE "TRMS"."REIM_INFO_REQUEST" ADD CONSTRAINT "FK_REIM_INFO" FOREIGN KEY ("REIMID")
	  REFERENCES "TRMS"."REIMBURSEMENT" ("REIMID") ENABLE;
--------------------------------------------------------
--  Ref Constraints for Table REIM_JUSTIFICATION
--------------------------------------------------------

  ALTER TABLE "TRMS"."REIM_JUSTIFICATION" ADD CONSTRAINT "FK_REIM_JUST" FOREIGN KEY ("REIMID")
	  REFERENCES "TRMS"."REIMBURSEMENT" ("REIMID") ENABLE;
